,accuracy,precision_score,recall_score,f1_score
0,0.943471735867934,0.9378990133488102,0.9963008631319359,0.9662182361733931
