,S.R,Study_Time,score
0,1,40,332.66666666666663
1,2,57,465.26666666666665
2,3,65,527.6666666666666
3,4,73,590.0666666666666
4,5,52,426.26666666666665
5,6,34,285.8666666666667
