accuracy,precision_score,recall_score,f1_score
0.7115384615384616,0.03333333333333333,0.5,0.0625
