,accuracy,precision_score,recall_score,f1_score
0,0.7857142857142857,0.7291666666666666,0.6363636363636364,0.6796116504854369
