,accuracy,precision_score,recall_score,f1_score
0,0.8228078899386706,0.7454739084132055,0.45751633986928103,0.5670311867152693
