,accuracy,precision_score,recall_score,f1_score
0,0.9824561403508771,0.9767441860465116,0.9767441860465116,0.9767441860465116
