,accuracy,precision_score,recall_score,f1_score
0,0.9266398158803222,0.1875,0.012244897959183673,0.022988505747126436
