,accuracy,precision_score,recall_score,f1_score
0,0.9240506329113924,0.9069767441860465,0.9512195121951219,0.9285714285714286
